nombre,direccion,ciudad,pais,telefono,sitioWeb
"Aufderhar, Jacobs and Willms",25209 Graceland Center,Žebrák,Czech Republic,+420-927-246-9105,blogs.com
Lind-Rolfson,77 Hoard Junction,Paucar,Peru,+51-724-968-9721,alibaba.com
Daugherty-Heathcote,49731 Algoma Court,Aş Şaff,Egypt,+20-325-469-3719,thetimes.co.uk
Monahan-Huels,12650 Stuart Park,Lipka,Poland,+48-765-922-9851,nifty.com
"Kovacek, Kilback and Bashirian",73928 International Road,Johor Bahru,Malaysia,+60-969-607-6618,surveymonkey.com
Bernhard-Senger,3797 Karstens Avenue,Kagoshima-shi,Japan,+81-997-977-5229,ning.com
West and Sons,7 Pennsylvania Park,Bordeaux,France,+33-731-681-9623,seesaa.net
Bailey LLC,6086 Ronald Regan Crossing,Yamagata-shi,Japan,+81-651-556-3421,telegraph.co.uk
"Lockman, Cruickshank and Kunde",81 Macpherson Terrace,Cachoeirinha,Brazil,+55-424-269-8313,cloudflare.com
Schmeler-Bayer,3 Nelson Terrace,Öldziyt,Mongolia,+976-793-356-3491,chronoengine.com
Johnson-Kiehn,4262 Roxbury Alley,Sitovo,Bulgaria,+359-414-227-6065,nasa.gov
Effertz LLC,6822 Old Shore Parkway,Futaleufú,Chile,+56-520-833-5313,ucoz.com
Boehm LLC,527 Dwight Alley,Lukhovka,Russia,+7-499-281-9834,hp.com
Lesch Group,4 Kinsman Way,Yumendong,China,+86-193-569-3083,arizona.edu
"Crona, Ankunding and Mayer",4 Main Point,Tebluru,Indonesia,+62-280-183-5242,fda.gov
"Jacobson, Nienow and Franecki",4 Miller Point,Żabno,Poland,+48-856-408-5596,wisc.edu
Jenkins-Marvin,809 Algoma Place,Glagahan,Indonesia,+62-781-246-0036,webs.com
"Prosacco, Runolfsson and Fahey",3951 Mandrake Plaza,Zbiroh,Czech Republic,+420-488-467-3516,ihg.com
Funk-Volkman,2 Bunker Hill Plaza,Nyazepetrovsk,Russia,+7-570-212-9741,posterous.com
Bruen-Schulist,89 Mosinee Court,Kanungu,Uganda,+256-881-866-6510,ameblo.jp
Hamill-Harris,41 Corscot Crossing,Péruwelz,Belgium,+32-719-625-3401,cbslocal.com
McLaughlin Inc,41323 Scofield Parkway,Jinfeng,China,+86-922-782-4257,toplist.cz
"Shanahan, Bashirian and Romaguera",96 Coolidge Junction,Tongole,Sierra Leone,+232-344-147-5787,4shared.com
Abbott Group,72256 Riverside Lane,Mamoudzou,Mayotte,+269-855-543-0420,accuweather.com
"Rempel, Ortiz and Bogan",8 Jackson Avenue,Jincheng,China,+86-617-864-9036,washingtonpost.com
"Hirthe, Wunsch and Swift",486 Sloan Center,Lekaj,Albania,+355-252-993-6357,is.gd
McClure-Larkin,54 Sullivan Lane,Shu,Kazakhstan,+7-739-154-6987,cloudflare.com
Roberts and Sons,8272 Bluejay Crossing,Zhangjiafang,China,+86-497-877-2614,miitbeian.gov.cn
Bayer-Purdy,396 Hayes Alley,Khorugh,Tajikistan,+992-439-967-0738,techcrunch.com
"Cassin, Bashirian and Luettgen",1123 Dwight Way,Alcanhões,Portugal,+351-611-179-9059,japanpost.jp
"Lueilwitz, Marks and Harvey",14 Golden Leaf Court,Figueira dos Cavaleiros,Portugal,+351-861-161-0600,blinklist.com
"Emmerich, Hudson and Haag",14 Hanover Park,Balite,Philippines,+63-358-954-3850,mysql.com
Torphy-Batz,05 Burrows Hill,Cheremshan,Russia,+7-814-243-3167,360.cn
"Terry, Spencer and Kris",3414 2nd Road,Kiruna,Sweden,+46-951-271-0371,loc.gov
Monahan Group,07 Glacier Hill Pass,Katoro,Tanzania,+255-416-900-1350,last.fm
Runolfsson Inc,0928 Sugar Road,Knoxville,United States,+1-865-255-8718,google.com.hk
Marks-Weissnat,75 Springview Lane,Xiliu,China,+86-789-658-8779,sakura.ne.jp
"Smitham, McLaughlin and O'Hara",31 Amoth Avenue,Budapest,Hungary,+36-635-340-4779,fc2.com
Quigley-Abbott,970 Goodland Pass,Tiztoutine,Morocco,+212-280-423-7385,w3.org
Hagenes-Gleason,93424 Brentwood Parkway,Kanye,Botswana,+267-698-232-2476,accuweather.com
Jacobson-Kris,4030 Brentwood Place,Khrystynivka,Ukraine,+380-703-369-9740,dyndns.org
Morissette and Sons,98271 Golf Course Way,Labinot-Mal,Albania,+355-453-220-3144,posterous.com
"Wilkinson, Zulauf and VonRueden",38 Farragut Parkway,New York City,United States,+1-212-576-3439,state.tx.us
"Hills, Kovacek and Bahringer",6517 Dixon Trail,Bokaa,Botswana,+267-101-519-1006,cbsnews.com
"Denesik, Parker and Rolfson",56 Jenna Road,Jiaoxie,China,+86-743-854-9544,zimbio.com
Morar and Sons,392 Blue Bill Park Junction,Muzambinho,Brazil,+55-999-887-2623,bloomberg.com
Stoltenberg Group,8636 Tony Avenue,Ouro Preto do Oeste,Brazil,+55-796-378-9278,sitemeter.com
Beahan LLC,17 Forest Place,Zhengguo,China,+86-557-457-2856,nature.com
"Kulas, Lindgren and Gerlach",17 Thompson Way,Samphanthawong,Thailand,+66-444-787-6730,cmu.edu
"Cruickshank, Howell and VonRueden",0 Lotheville Center,Makiwalo,Philippines,+63-862-468-9640,seesaa.net
Stracke-Skiles,632 Vera Point,Al Ibrāhīmīyah,Egypt,+20-468-872-1187,godaddy.com
Douglas-Von,48217 Everett Junction,Stěbořice,Czech Republic,+420-122-635-4728,wsj.com
Klocko-Kuhn,50463 Forest Run Pass,Pabuaran,Indonesia,+62-883-880-9761,slashdot.org
"Waters, Beatty and Moore",7 Dawn Lane,Chengzhong,China,+86-418-644-4397,usa.gov
"Gutmann, Crona and Skiles",6 Sunfield Court,Mailsi,Pakistan,+92-618-547-3389,europa.eu
Gleichner-Konopelski,648 Ludington Circle,Fort Abbās,Pakistan,+92-544-997-4336,cbc.ca
Braun Group,0 Brentwood Center,Ash Shawātī,Yemen,+967-824-119-9569,i2i.jp
Bode-Lind,83 Briar Crest Hill,Zhukovo,Russia,+7-699-444-9281,biblegateway.com
Barrows LLC,26 Schlimgen Road,Wichita,United States,+1-316-410-4915,cocolog-nifty.com
Hahn-Stamm,80200 Steensland Road,Santisimo Rosario,Philippines,+63-396-275-5860,hibu.com
Fahey and Sons,0 Donald Parkway,Novi Vinodolski,Croatia,+385-867-212-7973,moonfruit.com
Runte-Morissette,22405 Reinke Way,Kibre Mengist,Ethiopia,+251-237-745-5822,state.tx.us
Hahn and Sons,31 Duke Pass,Malway,Philippines,+63-465-925-1796,ihg.com
"Batz, Emard and Mitchell",55 Nevada Crossing,Zuru,Nigeria,+234-124-227-7364,wufoo.com
"Ziemann, Conn and Labadie",16 Continental Street,Lebane,Serbia,+381-798-495-7728,baidu.com
Kling and Sons,95112 Washington Parkway,Tiên Lãng,Vietnam,+84-462-750-6636,tmall.com
Russel Inc,3 Welch Lane,Budayuan,China,+86-395-276-6160,cocolog-nifty.com
"Kessler, Kub and O'Conner",3787 Hoard Junction,Panacan,Philippines,+63-809-112-5729,accuweather.com
Buckridge-Schuppe,5357 Mesta Park,Villavicencio,Colombia,+57-293-797-0516,who.int
Jerde-MacGyver,2 Dovetail Point,Mizque,Bolivia,+591-575-531-3187,feedburner.com
"Purdy, Russel and Gerlach",6390 Leroy Hill,Sosnovyy Bor,Russia,+7-709-101-2782,i2i.jp
Stroman Group,88 Esker Center,Överkalix,Sweden,+46-990-499-8798,nyu.edu
Smith-Lind,326 Esker Trail,Anthoúsa,Greece,+30-378-624-0364,rambler.ru
"Mayer, Dooley and Tromp",766 Kensington Park,Mariana,Brazil,+55-307-731-1917,dyndns.org
Roob Group,52665 Summit Lane,San Pedro de Macorís,Dominican Republic,+1-726-412-1135,wunderground.com
"Medhurst, Schimmel and Nader",3 Oakridge Avenue,Shāhdādkot,Pakistan,+92-237-289-5111,nhs.uk
Schaden-Gutkowski,7 North Park,Linköping,Sweden,+46-188-172-7441,wufoo.com
Wilkinson-Jacobi,31 Warbler Lane,Garzón,Colombia,+57-158-875-7296,salon.com
"Bode, Cronin and Bartoletti",666 Portage Parkway,Bagok,Indonesia,+62-136-668-3840,github.com
Farrell-Parker,92 Ludington Plaza,Taypano,Philippines,+63-744-265-9740,lulu.com
Bauch Group,02422 Moland Court,Xinyu,China,+86-191-989-2894,house.gov
Schumm Group,5088 Daystar Pass,Banjaranyar,Indonesia,+62-512-937-5239,liveinternet.ru
Mills-Olson,695 Lotheville Way,Ţammūn,Palestinian Territory,+970-765-953-9229,toplist.cz
"Lemke, Fadel and Nienow",96980 Erie Place,Buqei‘a,Israel,+972-319-140-8203,tiny.cc
"Hills, Turcotte and Gerlach",0 Eagan Terrace,Sérifos,Greece,+30-309-303-3940,samsung.com
Mosciski-Casper,941 Nevada Trail,Victoria Falls,Zimbabwe,+263-258-673-4805,wired.com
Herman-Ratke,57 Talmadge Plaza,General Alvear,Argentina,+54-148-301-3131,nytimes.com
"Block, Gleichner and Schmitt",4552 Lakewood Gardens Road,Gierłoż,Poland,+48-139-244-1442,ca.gov
Bosco Group,7 Karstens Avenue,Xinxu,China,+86-668-716-0400,multiply.com
Hermiston-Klein,64 Columbus Point,Cachoeirinha,Brazil,+55-448-929-6730,youtube.com
"Ryan, Predovic and Wunsch",0 Lakeland Point,Zhongcun,China,+86-691-848-9944,t-online.de
Schmeler Inc,18111 Namekagon Center,Guérande,France,+33-554-399-6574,wikispaces.com
Larson Inc,17503 Debs Terrace,Elías,Colombia,+57-750-757-5438,gmpg.org
Williamson LLC,33846 Hanson Street,Tanudan,Philippines,+63-563-957-0584,google.co.jp
Torphy Group,21978 Golf View Point,Matanog,Philippines,+63-132-168-4816,cloudflare.com
"Hettinger, Zemlak and Bechtelar",98731 Charing Cross Lane,Lišov,Czech Republic,+420-441-502-8320,furl.net
"Moore, Bernier and Johns",1 Melby Plaza,Mont-Saint-Hilaire,Canada,+1-523-685-4256,networksolutions.com
Purdy LLC,6 Menomonie Avenue,Orlândia,Brazil,+55-309-914-7765,epa.gov
"Huels, Lang and Watsica",17 Dawn Hill,Boro,Indonesia,+62-940-413-7734,people.com.cn
"McGlynn, Barrows and Lebsack",11348 Mcbride Terrace,Bergen,Norway,+47-426-642-6392,cafepress.com
