titulo,nombreLibro,contenido,calificacion,fechaCreacion
American Virgin,Yolanda and the Thief,justo etiam pretium iaculis justo in hac habitasse platea dictumst etiam faucibus cursus urna ut tellus nulla ut erat,1,2022-07-23
Backstage,Beautiful Boy,nunc proin at turpis a pede posuere nonummy integer non velit donec diam neque vestibulum eget vulputate ut,9,2023-06-16
Gold,"Amazing Spider-Man, The",urna pretium nisl ut volutpat sapien arcu sed augue aliquam erat volutpat in congue etiam justo,7,2023-07-07
Slaughter,Nude Nuns with Big Guns,et eros vestibulum ac est lacinia nisi venenatis tristique fusce,2,2023-02-19
Autumn in New York,Don't Tell Mom the Babysitter's Dead,tellus semper interdum mauris ullamcorper purus sit amet nulla quisque arcu libero rutrum ac lobortis vel dapibus,8,2023-04-29
Alvin and the Chipmunks,Up in the Wind,ut erat id mauris vulputate elementum nullam varius nulla facilisi cras non velit nec nisi vulputate nonummy maecenas,6,2022-08-19
Love and Lemons (Små citroner gula),"X, Y and Zee (Zee and Co.)",praesent id massa id nisl venenatis lacinia aenean sit amet justo morbi ut odio cras mi pede malesuada,3,2022-08-20
Stand Up and Fight,Los Marziano,duis at velit eu est congue elementum in hac habitasse platea dictumst morbi vestibulum velit id pretium iaculis diam,5,2023-02-10
Analyze That,Medicine for Melancholy,vehicula consequat morbi a ipsum integer a nibh in quis justo maecenas rhoncus aliquam lacus morbi,2,2022-11-19
Ravenous,"Haunted Castle, The (Hiroku kaibyô-den)",augue quam sollicitudin vitae consectetuer eget rutrum at lorem integer tincidunt ante vel ipsum praesent blandit,1,2022-12-15
"Computer Wore Tennis Shoes, The",In Which We Serve,venenatis non sodales sed tincidunt eu felis fusce posuere felis sed lacus morbi sem mauris laoreet ut rhoncus,6,2023-05-12
Nobody Walks,My Life So Far,lorem ipsum dolor sit amet consectetuer adipiscing elit proin interdum mauris non ligula,10,2023-04-17
Raffles,I Walk the Line,non lectus aliquam sit amet diam in magna bibendum imperdiet nullam orci pede,9,2022-08-26
Guys and Dolls,Palindromes,metus vitae ipsum aliquam non mauris morbi non lectus aliquam sit amet diam in,6,2023-05-24
"Scenesters, The","Vampire, The",facilisi cras non velit nec nisi vulputate nonummy maecenas tincidunt lacus at velit vivamus vel nulla eget eros elementum,9,2023-06-05
Irma la Douce,Pigs with a P.38,tortor duis mattis egestas metus aenean fermentum donec ut mauris eget massa tempor convallis nulla,6,2023-03-08
Honeysuckle Rose (a.k.a. On the Road Again),Elvira Madigan,orci luctus et ultrices posuere cubilia curae nulla dapibus dolor vel est donec odio justo sollicitudin ut suscipit a feugiat,10,2023-04-01
"Best of Everything, The",Stir of Echoes,mattis egestas metus aenean fermentum donec ut mauris eget massa tempor convallis nulla neque libero convallis eget,2,2023-06-07
Dead in Tombstone,Delusions of Grandeur (La folie des grandeurs),massa volutpat convallis morbi odio odio elementum eu interdum eu tincidunt in leo maecenas pulvinar lobortis est phasellus sit,2,2023-03-14
King Solomon's Mines,Deep End,amet cursus id turpis integer aliquet massa id lobortis convallis tortor risus dapibus augue vel accumsan tellus nisi eu orci,10,2023-06-08
Hellraiser: Hellseeker,American Soldiers,proin eu mi nulla ac enim in tempor turpis nec euismod scelerisque quam turpis adipiscing,9,2022-09-05
Lovesick,Beowulf,quisque erat eros viverra eget congue eget semper rutrum nulla nunc,7,2023-05-15
Already Dead,"Trouble with Girls, The",nulla dapibus dolor vel est donec odio justo sollicitudin ut suscipit a feugiat et eros vestibulum ac est lacinia nisi,4,2022-09-30
"Othello (Tragedy of Othello: The Moor of Venice, The)","No Retreat, No Surrender",venenatis lacinia aenean sit amet justo morbi ut odio cras,2,2023-06-15
Autism: The Musical,Friends & Lovers,bibendum felis sed interdum venenatis turpis enim blandit mi in porttitor pede justo eu,9,2022-12-24
Judas Kiss,Man on Wire,rhoncus dui vel sem sed sagittis nam congue risus semper porta volutpat quam pede,8,2023-07-16
Living in Emergency: Stories of Doctors Without Borders,City Zero,elementum in hac habitasse platea dictumst morbi vestibulum velit id pretium iaculis,5,2023-03-09
Video Games: The Movie,Chromophobia,placerat praesent blandit nam nulla integer pede justo lacinia eget,1,2023-05-30
My Man Godfrey,"Lincoln Lawyer, The",dui vel sem sed sagittis nam congue risus semper porta volutpat quam pede,7,2022-11-19
L.I.E.,Man of Marble (Czlowiek z Marmuru),potenti nullam porttitor lacus at turpis donec posuere metus vitae ipsum aliquam non mauris morbi non lectus aliquam sit amet,3,2023-07-14
Christmas in July,Koyaanisqatsi (a.k.a. Koyaanisqatsi: Life Out of Balance),ut massa volutpat convallis morbi odio odio elementum eu interdum eu tincidunt in leo maecenas pulvinar lobortis est phasellus,3,2023-06-27
Aliyah (Alyah) ,Family Secrets (Familjehemligheter),sit amet turpis elementum ligula vehicula consequat morbi a ipsum,3,2023-06-07
Roman Holiday,One-Eyed Jacks,accumsan odio curabitur convallis duis consequat dui nec nisi volutpat eleifend donec ut dolor morbi vel lectus,4,2022-12-16
Speed 2: Cruise Control,Kill Me Please,nulla justo aliquam quis turpis eget elit sodales scelerisque mauris sit amet,3,2023-03-27
Barbarian Queen II: The Empress Strikes Back,Ricky Gervais: Out of England - The Stand-Up Special,commodo placerat praesent blandit nam nulla integer pede justo lacinia eget tincidunt eget,2,2022-08-31
Exit to Hell,"Pied Piper, The (Pied Piper of Hamelin, The)",pellentesque at nulla suspendisse potenti cras in purus eu magna vulputate luctus cum sociis natoque penatibus et magnis,6,2023-02-09
Woman in the Dunes (Suna no onna),Manson,auctor gravida sem praesent id massa id nisl venenatis lacinia aenean sit amet justo morbi ut odio cras mi pede,5,2022-09-08
One Small Hitch,Wonderland,sem sed sagittis nam congue risus semper porta volutpat quam pede lobortis ligula sit amet eleifend,3,2022-08-21
Common,Kill a Rat,elit proin interdum mauris non ligula pellentesque ultrices phasellus id sapien,7,2023-01-04
Central Station (Central do Brasil),Fun on a Weekend,morbi non quam nec dui luctus rutrum nulla tellus in sagittis dui vel nisl duis ac nibh fusce,6,2023-05-02
"Synecdoche, New York",What Price Hollywood?,nisi eu orci mauris lacinia sapien quis libero nullam sit,6,2023-05-06
"Pellet (Bola, El)","Traviata, La",at velit vivamus vel nulla eget eros elementum pellentesque quisque porta volutpat erat quisque erat eros viverra,2,2023-04-04
"Mambo Kings, The",Comrades: Almost a Love Story (Tian mi mi),proin at turpis a pede posuere nonummy integer non velit donec diam neque vestibulum eget,1,2023-03-14
Känd från TV,ID:A,pellentesque eget nunc donec quis orci eget orci vehicula condimentum curabitur in,3,2023-04-23
Werner - Das muss kesseln!!!,I Stand Alone (Seul contre tous),erat quisque erat eros viverra eget congue eget semper rutrum nulla,1,2022-11-21
Shun Li and the Poet,"Hatchet for the Honeymoon (Rosso segno della follia, Il)",vitae mattis nibh ligula nec sem duis aliquam convallis nunc proin at turpis a pede posuere nonummy integer,8,2022-08-03
2012,"Formula, The",venenatis non sodales sed tincidunt eu felis fusce posuere felis sed lacus morbi sem mauris,7,2023-04-03
"Prairie Home Companion, A",Trigun: Badlands Rumble,quis turpis sed ante vivamus tortor duis mattis egestas metus aenean,4,2023-04-27
Superman II,Revenge of the Nerds III: The Next Generation,in tempus sit amet sem fusce consequat nulla nisl nunc,7,2022-07-26
Wyatt Earp,Forklift Driver Klaus: The First Day on the Job,odio elementum eu interdum eu tincidunt in leo maecenas pulvinar,3,2023-04-16
Human Lanterns (Ren pi deng long),"Ultimate Accessory,The (100% cachemire)",et magnis dis parturient montes nascetur ridiculus mus vivamus vestibulum sagittis sapien cum sociis natoque penatibus et magnis dis parturient,8,2023-03-02
Light Years (Gandahar),Inhale,molestie nibh in lectus pellentesque at nulla suspendisse potenti cras in purus eu magna vulputate luctus cum sociis,3,2023-04-11
"Magic Flute, The (Trollflöjten)","Snitch Cartel, The (El cartel de los sapos)",posuere cubilia curae donec pharetra magna vestibulum aliquet ultrices erat tortor sollicitudin mi sit amet lobortis,5,2023-03-06
Persuasion,"Hitch Hike (Autostop rosso sangue) (Naked Prey, The)",ipsum primis in faucibus orci luctus et ultrices posuere cubilia curae mauris,9,2023-06-26
Canon,"New Daughter, The",orci nullam molestie nibh in lectus pellentesque at nulla suspendisse potenti cras in purus eu magna vulputate luctus cum sociis,2,2023-01-29
Friends with Kids,Gummo,posuere cubilia curae mauris viverra diam vitae quam suspendisse potenti nullam porttitor lacus at turpis donec posuere metus vitae ipsum,4,2022-12-28
Sinbad: Legend of the Seven Seas,In Two Minds,ante vestibulum ante ipsum primis in faucibus orci luctus et ultrices posuere cubilia curae duis faucibus accumsan odio curabitur convallis,6,2022-09-28
7 Boxes (7 cajas),"Perfect Holiday, The",eu magna vulputate luctus cum sociis natoque penatibus et magnis dis parturient montes nascetur ridiculus mus vivamus vestibulum,2,2022-12-17
Rounders,27 Missing Kisses,leo maecenas pulvinar lobortis est phasellus sit amet erat nulla tempus,2,2023-03-01
We Were Here,Desperate Hours,mauris vulputate elementum nullam varius nulla facilisi cras non velit nec nisi vulputate nonummy maecenas tincidunt lacus at velit,7,2023-01-18
"Love Letter, The","Last Circus, The (Balada triste de trompeta) (Sad Trumpet Ballad, A)",odio elementum eu interdum eu tincidunt in leo maecenas pulvinar lobortis est phasellus sit,8,2023-06-22
"Night Train Murders (Last Stop on the Night Train) (Ultimo treno della notte, L')",Van Helsing,lobortis convallis tortor risus dapibus augue vel accumsan tellus nisi eu orci mauris lacinia sapien quis libero nullam,8,2023-02-07
"Good Morning, Night (Buongiorno, notte)","Distant Voices, Still Lives",turpis elementum ligula vehicula consequat morbi a ipsum integer a nibh in quis justo maecenas rhoncus,1,2023-03-22
Pitch Black,Bad Girls Go To Hell,hac habitasse platea dictumst aliquam augue quam sollicitudin vitae consectetuer eget rutrum at lorem integer tincidunt ante vel ipsum,6,2023-01-31
The Violent Enemy,Angus,nulla mollis molestie lorem quisque ut erat curabitur gravida nisi at nibh in hac habitasse platea dictumst aliquam,10,2023-07-11
Back to the USSR - takaisin Ryssiin,2012: Supernova,ultrices mattis odio donec vitae nisi nam ultrices libero non mattis pulvinar nulla pede ullamcorper augue a,5,2023-06-08
Wings of Honneamise (Ôritsu uchûgun Oneamisu no tsubasa),Open Windows,pede justo lacinia eget tincidunt eget tempus vel pede morbi porttitor lorem id ligula suspendisse ornare,5,2022-11-15
Tony Manero,Home Movie,tortor sollicitudin mi sit amet lobortis sapien sapien non mi integer ac neque duis bibendum morbi non quam,8,2022-08-20
New York Lightboard Record,Blondes at Work,ultrices posuere cubilia curae donec pharetra magna vestibulum aliquet ultrices erat tortor sollicitudin mi sit amet lobortis sapien sapien non,9,2023-02-07
Carried Away,Wrestling with Alligators,fusce posuere felis sed lacus morbi sem mauris laoreet ut rhoncus aliquet pulvinar,10,2023-04-28
Extreme Prejudice,Death Takes a Holiday,vestibulum sed magna at nunc commodo placerat praesent blandit nam nulla integer pede justo lacinia eget,2,2023-03-10
Four Heads Are Better Than One (Un homme de tête),Fidel,nisl venenatis lacinia aenean sit amet justo morbi ut odio cras mi,3,2022-08-09
Child of God,Fright Night 2: New Blood,luctus et ultrices posuere cubilia curae donec pharetra magna vestibulum,10,2023-05-09
Beaver Trilogy Part IV,Bamboozled,vulputate vitae nisl aenean lectus pellentesque eget nunc donec quis orci eget orci vehicula condimentum curabitur,6,2023-07-11
Hamilton - In the Interest of the Nation,Cast a Dark Shadow (Angel),pellentesque volutpat dui maecenas tristique est et tempus semper est quam pharetra magna ac consequat metus,4,2023-04-10
This Gun for Hire,Pledge This!,at vulputate vitae nisl aenean lectus pellentesque eget nunc donec quis orci eget,9,2023-02-12
Last Summer,Täynnä Tarmoa,pellentesque ultrices mattis odio donec vitae nisi nam ultrices libero non mattis pulvinar nulla pede,9,2023-05-22
I'm Not There,"39 Steps, The",suscipit ligula in lacus curabitur at ipsum ac tellus semper interdum mauris ullamcorper purus sit amet nulla quisque,8,2022-09-05
A.I. Artificial Intelligence,Human Capital (Il capitale umano),volutpat quam pede lobortis ligula sit amet eleifend pede libero quis orci nullam molestie nibh in lectus pellentesque at nulla,3,2022-08-03
Sicko,Shivers (They Came from Within),aliquam convallis nunc proin at turpis a pede posuere nonummy integer non velit donec diam,4,2023-07-20
"Dangerous Method, A","Deep End, The",in purus eu magna vulputate luctus cum sociis natoque penatibus et magnis dis parturient montes nascetur ridiculus mus vivamus vestibulum,7,2022-10-06
"Greatest Game Ever Played, The",Unfinished Song (Song for Marion),pellentesque viverra pede ac diam cras pellentesque volutpat dui maecenas tristique est et tempus,3,2022-08-04
"Champion, The",Night of the Living Dead 3D,morbi vel lectus in quam fringilla rhoncus mauris enim leo rhoncus sed,5,2023-03-19
Tales from the Crypt Presents: Bordello of Blood,"Fighting Spirit, The",platea dictumst etiam faucibus cursus urna ut tellus nulla ut erat id mauris vulputate elementum nullam varius nulla,9,2022-08-05
Shiner,David Cross: Let America Laugh,sapien non mi integer ac neque duis bibendum morbi non,2,2022-07-29
Hotel Terminus: The Life and Times of Klaus Barbie (Hôtel Terminus),Blink,tincidunt eget tempus vel pede morbi porttitor lorem id ligula suspendisse ornare consequat,1,2023-06-01
They Live by Night,Perrier's Bounty,in felis eu sapien cursus vestibulum proin eu mi nulla,1,2023-06-05
Born on the Fourth of July,Bio Zombie (Sun faa sau si),nisl venenatis lacinia aenean sit amet justo morbi ut odio cras mi pede malesuada in,6,2022-08-28
Prom Night in Mississippi,Pete Smalls Is Dead,ullamcorper purus sit amet nulla quisque arcu libero rutrum ac lobortis vel dapibus at,1,2023-01-08
Shotgun Stories,Death at a Funeral,nulla nisl nunc nisl duis bibendum felis sed interdum venenatis,6,2023-06-18
Backflash (Backflash Blues),Thérèse,lectus suspendisse potenti in eleifend quam a odio in hac habitasse platea dictumst maecenas ut massa quis,10,2022-11-16
Zarafa,"Room with a View, A",amet sapien dignissim vestibulum vestibulum ante ipsum primis in faucibus orci luctus et ultrices posuere cubilia curae nulla dapibus,3,2023-07-06
Double Indemnity,Bombón: El Perro (El perro),aliquam quis turpis eget elit sodales scelerisque mauris sit amet eros suspendisse,6,2022-12-26
Black Book (Zwartboek),Confidentially Connie,nec condimentum neque sapien placerat ante nulla justo aliquam quis turpis eget,5,2022-12-16
Spy Kids 3-D: Game Over,"Hunt, The (Jagten)",lacus at turpis donec posuere metus vitae ipsum aliquam non mauris morbi non lectus aliquam sit amet,2,2023-03-24
3 Strikes,K-9,integer a nibh in quis justo maecenas rhoncus aliquam lacus morbi quis tortor id nulla ultrices aliquet maecenas leo,3,2022-11-12
Chennai Express,Erkan & Stefan 2,magnis dis parturient montes nascetur ridiculus mus etiam vel augue vestibulum rutrum rutrum neque aenean auctor gravida sem praesent,7,2022-10-11
Couples Retreat,Ballet Shoes,dui maecenas tristique est et tempus semper est quam pharetra magna ac consequat metus sapien ut nunc vestibulum ante ipsum,3,2023-05-30
Django,"Polar Express, The",luctus rutrum nulla tellus in sagittis dui vel nisl duis ac nibh fusce lacus purus aliquet at,8,2023-03-09
Wesley Willis: The Daddy of Rock 'n' Roll,True Colors,augue a suscipit nulla elit ac nulla sed vel enim sit amet nunc,8,2023-01-14
